run_id,condition,order,rounds,convergence,experts,tokens,in_tokens,out_tokens,cost_usd,truncated,agent_turns,red_line_declarations,transcript_chars,agreement,position_move,dqi_justif_level,dqi_justif_content,dqi_respect,dqi_constructive,dqi_individuation,kappa_mean,judge_notes,run_folder,eval_cost_usd,eval_calls
main__m-claudesonnet_r1,main scenario [m-claudesonnet] [rep 1],salience,4,progressing,0,689906,612479,77427,1.9992,0,24,6,149606,False,1.083,2.0,1.542,1.792,2.0,2.0,0.704,,data\sensitivity_20260726_172041\main__m-claudesonnet_r1,0.2827,62
main__m-claudesonnet_r2,main scenario [m-claudesonnet] [rep 2],salience,4,progressing,0,694962,625685,69277,1.9441,0,24,6,154142,False,1.083,2.0,1.604,1.812,2.0,2.0,0.637,,data\sensitivity_20260726_172041\main__m-claudesonnet_r2,0.2923,62
main__m-claudesonnet_r3,main scenario [m-claudesonnet] [rep 3],salience,4,progressing,0,671753,606976,64777,1.8617,0,24,8,147467,False,0.5,2.0,1.583,1.75,1.979,2.0,0.435,,data\sensitivity_20260726_172041\main__m-claudesonnet_r3,0.2785,62
layer_position_low__m-claudesonnet_r1,layer position = 1 (extreme-low) [m-claudesonnet] [rep 1],salience,4,progressing,0,629230,561439,67791,1.8008,0,24,1,136378,False,1.083,2.0,1.667,1.708,1.979,2.0,0.479,,data\sensitivity_20260726_172041\layer_position_low__m-claudesonnet_r1,0.2619,62
layer_position_low__m-claudesonnet_r2,layer position = 1 (extreme-low) [m-claudesonnet] [rep 2],salience,4,progressing,0,574312,516148,58164,1.6139,0,24,5,124183,False,0.5,1.979,1.458,1.75,1.958,2.0,0.529,,data\sensitivity_20260726_172041\layer_position_low__m-claudesonnet_r2,0.246,62
layer_position_low__m-claudesonnet_r3,layer position = 1 (extreme-low) [m-claudesonnet] [rep 3],salience,4,progressing,0,621532,561411,60121,1.724,0,24,5,138185,False,0.583,2.0,1.479,1.75,1.938,2.0,0.595,,data\sensitivity_20260726_172041\layer_position_low__m-claudesonnet_r3,0.2678,62
layer_position_high__m-claudesonnet_r1,layer position = 10 (extreme-high) [m-claudesonnet] [rep 1],salience,4,progressing,0,661869,592518,69351,1.8785,0,24,6,148934,False,1.25,2.0,1.479,1.833,1.979,2.0,0.496,,data\sensitivity_20260726_172041\layer_position_high__m-claudesonnet_r1,0.2765,62
layer_position_high__m-claudesonnet_r2,layer position = 10 (extreme-high) [m-claudesonnet] [rep 2],salience,4,progressing,0,619847,562867,56980,1.6955,0,24,2,135678,False,0.583,2.0,1.562,1.771,2.0,2.0,0.649,,data\sensitivity_20260726_172041\layer_position_high__m-claudesonnet_r2,0.2626,62
layer_position_high__m-claudesonnet_r3,layer position = 10 (extreme-high) [m-claudesonnet] [rep 3],salience,4,progressing,1,725406,648559,76847,2.0656,0,25,2,160658,False,0.75,2.0,1.479,1.833,1.979,2.0,0.517,,data\sensitivity_20260726_172041\layer_position_high__m-claudesonnet_r3,0.2913,62
